a,14/04/2026 21:07:36,Đăng nhập thành công
a,14/04/2026 21:19:10,Đăng nhập thành công
a,14/04/2026 21:19:43,Đăng nhập thành công
a,14/04/2026 21:36:07,Đăng nhập thành công
a,14/04/2026 21:38:39,Đăng nhập thành công
a,14/04/2026 21:38:46,Đăng nhập thành công
a,14/04/2026 21:40:50,Đăng nhập thành công
gg,14/04/2026 21:41:21,Đăng nhập thành công
a,14/04/2026 21:46:06,Đăng nhập thành công
a,14/04/2026 21:48:05,Đăng nhập thành công
a,14/04/2026 21:51:57,Đăng nhập thành công
a,14/04/2026 21:53:10,Đăng nhập thành công
gg,14/04/2026 21:53:19,Đăng nhập thành công
a,14/04/2026 21:54:40,Đăng nhập thành công
gg,14/04/2026 21:55:00,Đăng nhập thành công
a,14/04/2026 21:55:12,Đăng nhập thành công
a,15/04/2026 08:02:39,Đăng nhập thành công
a,15/04/2026 08:03:20,Đăng nhập thành công
gg,15/04/2026 08:04:13,Đăng nhập thành công
a,15/04/2026 08:07:54,Đăng nhập thành công
a,15/04/2026 08:09:53,Đăng nhập thành công
a,15/04/2026 08:10:29,Đăng nhập thành công
a,15/04/2026 09:15:26,Đăng nhập thành công
a,15/04/2026 09:25:14,Đăng nhập thành công
gg,15/04/2026 09:26:35,Đăng nhập thành công
nghia,15/04/2026 09:27:29,Đăng nhập thành công
a,15/04/2026 10:21:38,Đăng nhập thành công
a,15/04/2026 10:29:41,Đăng nhập thành công
a,15/04/2026 10:32:18,Đăng nhập thành công
gg,15/04/2026 11:08:04,Thành công
a,15/04/2026 11:08:23,Thành công
a,15/04/2026 11:14:11,Thành công
a,15/04/2026 11:37:45,Thành công
a,15/04/2026 11:46:40,Thành công
a,15/04/2026 11:58:40,Thành công
a,15/04/2026 12:01:58,Thành công
a,15/04/2026 12:02:50,Thành công
a,15/04/2026 12:07:08,Thành công
a,15/04/2026 12:07:55,Thành công
a,15/04/2026 12:12:05,Thành công
a,20/04/2026 21:21:15,Thành công
a,20/04/2026 21:24:46,Thành công
a,20/04/2026 21:37:15,Thành công
a,20/04/2026 21:39:32,Thành công
a,20/04/2026 21:40:20,Thành công
a,20/04/2026 21:41:07,Thành công
a,20/04/2026 21:41:42,Thành công
a,20/04/2026 21:42:11,Thành công
a,20/04/2026 21:44:30,Thành công
a,20/04/2026 21:45:55,Thành công
a,20/04/2026 21:50:54,Thành công
a,20/04/2026 21:55:17,Thành công
